Workbook

Sheet Matrix
A1: Folder | B1: File(s) | C1: Title | D1: Authors/Year | E1: Dimensions Addressed | F1: V1 Spatial density | G1: V2 Glyph legibility | H1: V3 Salience distribution | I1: V4 Temporal presentation | J1: V5 Layout-structure mapping | K1: V6 Navigation structure | L1: L1 Lexical sophistication | M1: L2 Syntactic complexity | N1: L3 Cohesion | O1: L4 Compression | P1: L5 Rhetorical scaffolding | Q1: L6 Narrativity/genre | R1: Mediating Mechanisms | S1: Moderators Studied | T1: Adaptation Policy | U1: Key Finding | V1: Gap Note
A2: Comprehension | B2: 18_63.pdf | C2: An Analysis of Concept Mapping Style in EFL Reading Comprehension from the Viewpoint of Paragraph Structure of Text | D2: Andoko et al., 2019 | E2: L5, L3 | F2: — | G2: — | H2: — | I2: — | J2: M | K2: — | L2: — | M2: — | N2: M | O2: — | P2: H | Q2: — | R2: Macrostructure construction (paragraph-level mental model building via concept mapping) | S2: Reader proficiency (TOEIC-based grouping); EFL/L2 learners | T2: Reader-side (concept-mapping strategy/tool); fixed population default, not individuated | U2: Kit-Build concept mapping led learners to deviate from sentence order and build maps more aligned with paragraph boundaries than Scratch-Build mapping. | V2: No text-layout/typographic (V1-V6) or lexical/syntactic (L1-L2) variables manipulated, so effect cannot be linked to specific text-design levers.
A3: Comprehension | B3: 3320435.3320447.pdf | C3: Impact of English Reading Comprehension Abilities on Processing Magazine Style Narrative Visualizations and Implications for Personalization | D3: Toker et al., 2019 | E3: V3 | F3: — | G3: — | H3: M | I3: — | J3: L | K3: — | L3: — | M3: — | N3: — | O3: — | P3: — | Q3: — | R3: Attentional guidance (cuing/split-attention); working-memory load management | S3: English reading comprehension ability (high vs low); population/culture; reading goal = processing informational text with visualizations | T3: Theme-based/individuated — personalizing visualization support by reader ability; text-side | U3: Readers with lower English comprehension ability process magazine-style narrative visualizations differently, supporting ability-based personalization. | V3: Does not manipulate/measure any typography/layout (V1-V2,V4-V6) or lexical/syntactic properties (L1-L6); focus is multimodal visualization, not core text readability variables.
A4: Comprehension | B4: Britt et al DP 2022 R1.pdf | C4: Reading Contexts, Goals, and Decisions: Text Comprehension as a Situated Activity | D4: Britt, Durik & Rouet, 2022 | E4: L6 (low) | F4: — | G4: — | H4: — | I4: — | J4: — | K4: — | L4: — | M4: — | N4: — | O4: — | P4: — | Q4: L | R4: Macrostructure construction (goal-directed representation building); WM/self-regulatory load management via goal-setting (RESOLV theory) | S4: Reading goal is the central moderator of the whole theory; disciplinary context (in-school vs out-of-school), source credibility/genre evaluation | T4: Reader-side (training goal-setting/source evaluation); theme-based rather than individuated | U4: RESOLV theory: purposeful reading requires readers to construct/manage their own goals; disciplinary strategies often fail to transfer to open-ended web contexts. | V4: Purely theoretical review with no empirical manipulation of any V/L dimension, so cannot connect goal-based theory to specific text-side levers.
A5: Comprehension | B5: EJ1079769.pdf | C5: The Effect of Text Typographical Features on Legibility, Comprehension, and Retrieval of EFL Learners | D5: Soleimani & Mohammadi, 2012 | E5: V1, V2 | F5: H | G5: H | H5: — | I5: — | J5: — | K5: — | L5: — | M5: — | N5: — | O5: — | P5: — | Q5: — | R5: Lexical access facilitation (legibility as ease of letter/word discernment); crowding relief (via spacing) | S5: EFL/L2 learners (Iranian students); medium = print only | T5: Fixed population default (single best print format); text-side | U5: 12pt font read significantly faster than 10pt; font type and line spacing had no significant effect on speed, comprehension, or delayed recall. | V5: Tests only static print with isolated single-variable manipulations; no screen medium, individual reader differences, or reading-goal interaction.
A6: Comprehension | B6: EJ1486502.pdf | C6: Improving Reading Comprehension of Expository Texts through Text-Structure-Aligned Graphic Organizers for Higher Education Students | D6: Marginingsih, Muhtarom & Sundari, 2025 | E6: L5, V5 | F6: — | G6: — | H6: — | I6: — | J6: M | K6: — | L6: — | M6: — | N6: L | O6: — | P6: H | Q6: L | R6: Macrostructure construction (organizers build organized relational mental models); WM load management | S6: Text structure type (cause-effect vs compare-contrast); ESP/STEM university learners; L2/EFL status | T6: Theme-based (organizer type matched to text-structure theme); reader-side tool applied alongside text | U6: T-Charts produced significantly higher comprehension/summarization scores than Venn Diagrams for text-structure-aligned expository reading. | V6: Does not manipulate underlying typography/layout (V1-V4,V6) or lexical/syntactic complexity (L1-L3).
A7: Comprehension | B7: Journal of Educational Psychology 1999.pdf | C7: The Influence of Reading Purpose on Inference Generation and Comprehension in Reading | D7: Narvaez, van den Broek & Barron Ruiz, 1999 | E7: L6 | F7: — | G7: — | H7: — | I7: — | J7: — | K7: — | L7: — | M7: — | N7: M | O7: — | P7: — | Q7: H | R7: Macrostructure construction (inference generation for coherence); WM/strategic control over inferencing | S7: Reading purpose (entertainment vs study); text genre (narrative vs expository) | T7: n/a — purpose experimentally instructed, not text-side changed | U7: Reading purpose did not affect offline comprehension scores but affected online reading behavior, especially for expository text. | V7: No text-design/typographic (V1-V6) or lexical/syntactic (L1-L2) dimensions manipulated.
A8: Comprehension | B8: Kintsch - 1998 - Comprehension.pdf | C8: Comprehension: A Paradigm for Cognition | D8: Kintsch, 1998 | E8: L3 (theoretical foundation) | F8: — | G8: — | H8: — | I8: — | J8: L | K8: — | L8: L | M8: L | N8: H | O8: — | P8: L | Q8: — | R8: Foundational source for macrostructure construction, WM load management, and lexical access facilitation (construction-integration theory) | S8: Prior knowledge/schema activation, WM capacity — theoretical constructs, not empirically varied here | T8: n/a — theoretical synthesis, not an intervention | U8: Presents the construction-integration model: two-stage comprehension process unifying textbase and situation-model levels. | V8: Theoretical synthesis tests no specific V1-V6 manipulations; motivates but does not validate Layer A levers empirically.
A9: Comprehension | B9: Martín_Calpena,_Beatriz_Yoldi;_Iglesias_Maqueda,_Anna_María;_Morato.pdf | C9: Impact of the Layout on Web Comprehension | D9: Yoldi Martín-Calpena, Iglesias Maqueda & Morato Lara, 2022 | E9: V5, V6, V3 | F9: L | G9: L | H9: M | I9: — | J9: H | K9: M | L9: — | M9: — | N9: — | O9: — | P9: M | Q9: — | R9: Attentional guidance (bold/italic salience); macrostructure construction (headings/structure) | S9: Accessibility target populations (cognitive disabilities, elderly, low literacy, non-native speakers); medium = web/screen | T9: Theme-based (ML model flags easy/difficult page templates); text-side (design/structure changes) | U9: An ML classifier trained on HTML/CSS structural features from 640 public-administration web pages can predict page comprehension difficulty. | V9: Comprehension-difficulty labels are expert-judged rather than measured via reader comprehension tests; no lexical/syntactic properties tested.
A10: Comprehension | B10: The effects of interletter and line spacing on reading speed, comprehension, and perceived comfortability.pdf | C10: The Effects of Interletter and Line Spacing on Reading Speed, Comprehension, and Perceived Comfortability | D10: Kristjánsdóttir & Gunnarsson, 2024 | E10: V1 | F10: H | G10: — | H10: — | I10: — | J10: — | K10: — | L10: — | M10: — | N10: — | O10: — | P10: — | Q10: — | R10: Crowding relief (letter spacing directly addresses visual/lateral crowding) | S10: Medium = mobile phone screen (screen size); no explicit reader-profile variation | T10: Fixed population default (single best spacing configuration); text-side | U10: No significant effect of interletter/line spacing on reading speed or comprehension on mobile, but spacing significantly affected perceived comfort. | V10: Does not examine reader-profile moderators (dyslexia, visual-attention span) that crowding-relief literature suggests are key to spacing effects.
A11: Comprehension | B11: binkley-identifier-style-effort-comprehension-2012.pdf | C11: The Impact of Identifier Style on Effort and Comprehension | D11: Binkley et al., 2013 (online 2012) | E11: V2, L1 | F11: — | G11: H | H11: — | I11: — | J11: — | K11: — | L11: M | M11: — | N11: — | O11: — | P11: — | Q11: — | R11: Lexical access facilitation (word segmentation/recognition of camelCase vs underscore); crowding relief (visual separation of sub-words) | S11: Expertise (novice vs experienced programmers); task type (source-focused vs prose-like) | T11: Fixed (population-level coding-standard recommendation); text-side (naming convention) | U11: Identifier-style effects diminished for experienced developers; beginners benefited from camelCase in accuracy and effort. | V11: Domain is programming-code comprehension, not natural-language prose, so V2/L1 findings may not generalize to the model's intended contexts.
A12: Comprehension | B12: fpsyg-12-712901.pdf | C12: Levels of Reading Comprehension in Higher Education: Systematic Review and Meta-Analysis | D12: de-la-Peña & Luque-Rojas, 2021 | E12: none manipulated (outcome taxonomy review) | F12: — | G12: — | H12: — | I12: — | J12: — | K12: — | L12: — | M12: — | N12: L | O12: — | P12: — | Q12: L | R12: Macrostructure construction (implicated by inferential/organizational comprehension levels), not framed in these terms by the paper | S12: Type of measure/test, type of text, discipline/career, publication type; population = university students | T12: n/a | U12: Across 7 meta-analyzed studies, literal comprehension mastered most (56%); inferential/critical/organizational levels achieved by only ~22-33%. | V12: Reviews outcome measures rather than text-design manipulations; no direct evidence on any V/L lever.
... A64: Skimming | B64: the_elements_of_typographic_style.pdf | C64: The Elements of Typographic Style (2nd edition) | D64: Robert Bringhurst, 1996/1997 | E64: V1, V2, V3 | F64: H | G64: H | H64: M | I64: — | J64: L | K64: — | L64: — | M64: — | N64: — | O64: — | P64: — | Q64: — | R64: None explicitly framed as psychological mechanisms — design-craft manual, not empirical psychology (crowding relief implicit in spacing guidance) | S64: None (prescriptive design guide, not an empirical reader study) | T64: Fixed population default; text-side craft conventions intended as universal best practice | U64: A canonical prescriptive guide codifying typographic best practices (spacing, type choice, page structure) for legible, well-crafted printed text; not framed as empirical research. | V64: Entirely prescriptive/craft-based rather than empirical; no reference to reader moderators, digital medium, or any L-layer linguistic dimension.

Sheet Coverage Summary
A1: Dimension | B1: High | C1: Medium | D1: Low | E1: None | F1: Total Papers Engaging (H+M+L) | G1: % of Corpus Engaging
A2: V1 Spatial density | B2: =COUNTIF(Matrix!F2:F64,"H") -> 12 | C2: =COUNTIF(Matrix!F2:F64,"M") -> 1 | D2: =COUNTIF(Matrix!F2:F64,"L") -> 7 | E2: =COUNTIF(Matrix!F2:F64,"—") -> 43 | F2: =B2+C2+D2 -> 20 | G2: =F2/63 -> 0.31746032
A3: V2 Glyph legibility | B3: =COUNTIF(Matrix!G2:G64,"H") -> 16 | C3: =COUNTIF(Matrix!G2:G64,"M") -> 1 | D3: =COUNTIF(Matrix!G2:G64,"L") -> 5 | E3: =COUNTIF(Matrix!G2:G64,"—") -> 41 | F3: =B3+C3+D3 -> 22 | G3: =F3/63 -> 0.34920635
A4: V3 Salience distribution | B4: =COUNTIF(Matrix!H2:H64,"H") -> 2 | C4: =COUNTIF(Matrix!H2:H64,"M") -> 10 | D4: =COUNTIF(Matrix!H2:H64,"L") -> 8 | E4: =COUNTIF(Matrix!H2:H64,"—") -> 43 | F4: =B4+C4+D4 -> 20 | G4: =F4/63 -> 0.31746032
A5: V4 Temporal presentation | B5: =COUNTIF(Matrix!I2:I64,"H") -> 2 | C5: =COUNTIF(Matrix!I2:I64,"M") -> 6 | D5: =COUNTIF(Matrix!I2:I64,"L") -> 5 | E5: =COUNTIF(Matrix!I2:I64,"—") -> 50 | F5: =B5+C5+D5 -> 13 | G5: =F5/63 -> 0.20634921
A6: V5 Layout-structure mapping | B6: =COUNTIF(Matrix!J2:J64,"H") -> 5 | C6: =COUNTIF(Matrix!J2:J64,"M") -> 7 | D6: =COUNTIF(Matrix!J2:J64,"L") -> 13 | E6: =COUNTIF(Matrix!J2:J64,"—") -> 38 | F6: =B6+C6+D6 -> 25 | G6: =F6/63 -> 0.3968254
A7: V6 Navigation structure | B7: =COUNTIF(Matrix!K2:K64,"H") -> 9 | C7: =COUNTIF(Matrix!K2:K64,"M") -> 5 | D7: =COUNTIF(Matrix!K2:K64,"L") -> 8 | E7: =COUNTIF(Matrix!K2:K64,"—") -> 41 | F7: =B7+C7+D7 -> 22 | G7: =F7/63 -> 0.34920635
A8: L1 Lexical sophistication | B8: =COUNTIF(Matrix!L2:L64,"H") -> 1 | C8: =COUNTIF(Matrix!L2:L64,"M") -> 4 | D8: =COUNTIF(Matrix!L2:L64,"L") -> 4 | E8: =COUNTIF(Matrix!L2:L64,"—") -> 54 | F8: =B8+C8+D8 -> 9 | G8: =F8/63 -> 0.14285714
A9: L2 Syntactic complexity | B9: =COUNTIF(Matrix!M2:M64,"H") -> 0 | C9: =COUNTIF(Matrix!M2:M64,"M") -> 2 | D9: =COUNTIF(Matrix!M2:M64,"L") -> 3 | E9: =COUNTIF(Matrix!M2:M64,"—") -> 58 | F9: =B9+C9+D9 -> 5 | G9: =F9/63 -> 0.079365079
A10: L3 Cohesion | B10: =COUNTIF(Matrix!N2:N64,"H") -> 3 | C10: =COUNTIF(Matrix!N2:N64,"M") -> 4 | D10: =COUNTIF(Matrix!N2:N64,"L") -> 7 | E10: =COUNTIF(Matrix!N2:N64,"—") -> 49 | F10: =B10+C10+D10 -> 14 | G10: =F10/63 -> 0.22222222
A11: L4 Compression | B11: =COUNTIF(Matrix!O2:O64,"H") -> 0 | C11: =COUNTIF(Matrix!O2:O64,"M") -> 2 | D11: =COUNTIF(Matrix!O2:O64,"L") -> 3 | E11: =COUNTIF(Matrix!O2:O64,"—") -> 58 | F11: =B11+C11+D11 -> 5 | G11: =F11/63 -> 0.079365079
A12: L5 Rhetorical scaffolding | B12: =COUNTIF(Matrix!P2:P64,"H") -> 5 | C12: =COUNTIF(Matrix!P2:P64,"M") -> 4 | D12: =COUNTIF(Matrix!P2:P64,"L") -> 6 | E12: =COUNTIF(Matrix!P2:P64,"—") -> 48 | F12: =B12+C12+D12 -> 15 | G12: =F12/63 -> 0.23809524
A13: L6 Narrativity/genre | B13: =COUNTIF(Matrix!Q2:Q64,"H") -> 2 | C13: =COUNTIF(Matrix!Q2:Q64,"M") -> 2 | D13: =COUNTIF(Matrix!Q2:Q64,"L") -> 5 | E13: =COUNTIF(Matrix!Q2:Q64,"—") -> 54 | F13: =B13+C13+D13 -> 9 | G13: =F13/63 -> 0.14285714
A15: Total unique papers in corpus: 63

Sheet Dimension Notes
A1: Folder | B1: Title | C1: Authors/Year | D1: Dimension | E1: Level | F1: Note
A2: Comprehension | B2: An Analysis of Concept Mapping Style in EFL Reading Comprehension from the Viewpoint of Paragraph Structure of Text | C2: Andoko et al., 2019 | D2: V5 Layout-structure mapping | E2: Medium | F2: Paragraph structure treated as the text's macro-organizational unit analyzed against learners' concept-map order; base text layout not manipulated.
A3: Comprehension | B3: An Analysis of Concept Mapping Style in EFL Reading Comprehension from the Viewpoint of Paragraph Structure of Text | C3: Andoko et al., 2019 | D3: L3 Cohesion | E3: Medium | F3: Paragraph boundaries used as proxy for meaning units/cohesion; deviation from sentence order is the outcome of interest.
A4: Comprehension | B4: An Analysis of Concept Mapping Style in EFL Reading Comprehension from the Viewpoint of Paragraph Structure of Text | C4: Andoko et al., 2019 | D4: L5 Rhetorical scaffolding | E4: High | F4: Central variable: whether concept-mapping style (Kit-Build vs Scratch-Build) tracks or deviates from the text's paragraph structure.
A5: Comprehension | B5: Impact of English Reading Comprehension Abilities on Processing Magazine Style Narrative Visualizations and Implications for Personalization | C5: Toker et al., 2019 | D5: V3 Salience distribution | E5: Medium | F5: Discusses split-attention/attention-cuing between text and embedded visualizations; reviewed/contextual, IV is reader ability not visual salience.
A6: Comprehension | B6: The Effect of Text Typographical Features on Legibility, Comprehension, and Retrieval of EFL Learners | C6: Soleimani & Mohammadi, 2012 | D6: V1 Spatial density | E6: High | F6: Line spacing (single vs double/leading) manipulated as core IV.
A7: Comprehension | B7: The Effect of Text Typographical Features on Legibility, Comprehension, and Retrieval of EFL Learners | C7: Soleimani & Mohammadi, 2012 | D7: V2 Glyph legibility | E7: High | F7: Font type (Arial vs Bookman Old Style) and size (10 vs 12pt) manipulated as core IVs.
A8: Comprehension | B8: Improving Reading Comprehension of Expository Texts through Text-Structure-Aligned Graphic Organizers for Higher Education Students | C8: Marginingsih, Muhtarom & Sundari, 2025 | D8: V5 Layout-structure mapping | E8: Medium | F8: Graphic organizers (T-Charts, Venn Diagrams) are external spatial devices mapping onto rhetorical structure, augmenting rather than restructuring base text layout.
A9: Comprehension | B9: Improving Reading Comprehension of Expository Texts through Text-Structure-Aligned Graphic Organizers for Higher Education Students | C9: Marginingsih, Muhtarom & Sundari, 2025 | D9: L5 Rhetorical scaffolding | E9: High | F9: Central manipulation: aligning rhetorical/structural scaffold (organizer type) with text's expository structure.
A10: Comprehension | B10: The Influence of Reading Purpose on Inference Generation and Comprehension in Reading | C10: Narvaez, van den Broek & Barron Ruiz, 1999 | D10: L3 Cohesion | E10: Medium | F10: Inference generation (bridging/backward/forward) relates to cohesion-building, though cohesion itself not manipulated.
A11: Comprehension | B11: The Influence of Reading Purpose on Inference Generation and Comprehension in Reading | C11: Narvaez, van den Broek & Barron Ruiz, 1999 | D11: L6 Narrativity/genre | E11: High | F11: Narrative vs expository text type is a key manipulated/contrasted factor.
A12: Comprehension | B12: Comprehension: A Paradigm for Cognition | C12: Kintsch, 1998 | D12: L3 Cohesion | E12: High | F12: Construction-integration model's core machinery (textbase, situation model, macrostructure, anaphora resolution) is fundamentally about cohesion/coherence-building.
... A106: Skimming | B106: The Elements of Typographic Style (2nd edition) | C106: Robert Bringhurst, 1996/1997 | D106: V3 Salience distribution | E106: Medium | F106: Discusses hierarchy/emphasis conventions (italics, small caps) as design choices.

Sheet Missing Innovations
A1: Gap Category | B1: What's Missing From the Corpus | C1: Evidence (Coverage Summary + Qualitative Pattern) | D1: Suggested Innovation to Strengthen Readability
A2: L2 — Syntactic complexity never manipulated | B2: No paper in the 63-paper corpus experimentally varies sentence embedding, length, or voice and measures a readability outcome. L2 is only discussed theoretically (schema/cognitive-load reviews) or as pedagogical advice. | C2: 0 of 63 papers rate 'High' on L2; only 5 papers (7.9%) touch it at all, and all at Low/Medium as a side theoretical point (e.g., Todorova 2024, Urquhart & Weir 1998, Hyatt et al. 2017). | D2: Run a controlled study recasting the same passage at 2-3 syntactic complexity levels (simple vs embedded clauses, active vs passive) crossed with a visual axis (e.g., V1 spacing or V5 chunking) to isolate L2's independent contribution to speed/comprehension.
A3: L4 — Compression continuum never used as an independent variable | B3: Full text -> summary -> TL;DR -> headline is central to the model's L4 axis, but across the corpus compression only ever appears as an *outcome* (participants asked to write a summary), never as a *manipulated* text-form condition compared against fuller versions of the same content. | C3: 0 of 63 papers rate 'High' on L4; only 5 papers (7.9%) touch it, all via summary-writing tasks (e.g., Hyönä, Lorch & Kaakinen 2002; Rouet et al. ~2001) rather than compression-as-IV. | D3: A within-subject study presenting the same source content at 3-4 compression levels (full/summary/TL;DR/headline) and measuring comprehension, retention, and time-to-decision would let L4 join L1/L2/L5 as an empirically grounded lever, and could be crossed with reading goal (skim vs deep) to test the Rouet/Choo goal continuum directly.
A4: V4 — True externally-paced (RSVP) presentation is absent | B4: The model's V4 axis explicitly includes 'externally paced delivery, and the pacing unit (word, phrase)' as distinct from scrolling vs pagination. Every paper coded under V4 in this corpus is actually about screen-vs-paper medium or reader-controlled reading speed instructions (normal vs fast) — none test RSVP/word-by-word or phrase-paced delivery. | C4: 13 of 63 papers (20.6%) touch V4, but a manual check shows all are medium (paper/screen) or self-paced-speed studies (Clinton 2019; Dyson & Haselgrove 2000/2001; Delgado & Salmerón 2021); none implement or test RSVP/speed-reading-app-style pacing. | D4: Add an RSVP/phrase-chunked pacing condition (e.g., a Spritz-style word-flash or phrase-by-phrase reveal) compared against static self-paced text, ideally crossed with reading goal (skim vs deep-learn) since the mechanism (WM load vs attentional guidance) likely differs by goal.
A5: Visual axes (V1/V2) rarely crossed with reader-profile moderators | B5: The model's own citation (Wallace et al. 2022b: spacing affects speed more than word spacing, faster readers slowed by wide spacing, r=-0.38) implies spacing effects depend on reader skill/speed — yet almost no paper in the corpus tests V1/V2 manipulations against dyslexia, visual-attention span, or L2 status as a moderator. | C5: Only Richardson (2022, 978-3-030-90984-0) and Tinker (1963) even mention dyslexia/vision/age as moderators, and both are reviews, not new experiments; the interletter-spacing study (Kristjánsdóttir & Gunnarsson 2024) explicitly flags this absence in its own gap note. | D5: Prioritize a spacing x reader-profile factorial (e.g., typical vs dyslexic readers, or fast vs slow readers per Wallace et al.) to test whether the model's Layer C moderation of Layer A knobs actually holds for spacing specifically, not just font choice.
A6: Layer D adaptation policy is proposed but never empirically compared | B6: Every paper that reaches a design recommendation defaults to 'fixed population-wide setting' (e.g., 12pt font, 55-char line length) or, at most, a theme-based rule matched to task type. No paper empirically compares fixed vs theme-based vs individuated adaptation policies against each other on the same outcome. | C6: Adaptation-policy field across all 63 records: the overwhelming majority say 'fixed population default' or 'n/a'; only a handful (Toker et al. 2019; Chen/Guimbretiere/Sellen 2012 multi-slate) gesture toward individuated/theme-based policy, and none test it against a fixed baseline. | D6: A direct three-arm comparison (one fixed setting for everyone vs COR-style theme selection vs individually calibrated settings) on the same passage and outcome measure would let the model's Layer D policy claims be evaluated rather than asserted.
A7: V6 navigation structure under-samples the tiered/collapsible end of its own range | B7: The model defines V6 as 'linear scroll <-> paginated <-> hyperlinked <-> tiered/collapsible.' The corpus's V6 papers cluster almost entirely on scroll-vs-paginate (Marcial & Hemminger 2012; Dyson & Haselgrove 2000) or hyperlink-vs-none (Duggan & Payne 2009/2011; Fitzsimmons et al. 2014); none test tiered/collapsible (accordion/expand-collapse) navigation. | C7: 22 of 63 papers (34.9%) touch V6, but a review of the High-rated subset shows zero studies of collapsible/accordion-style section disclosure, despite this being explicitly named in the model as a distinct navigation type. | D7: Test collapsible/accordion sections (reader expands only the subsection needed) against both full-scroll and paginated baselines for search and skim goals specifically, since this navigation style is common in modern documentation/FAQ UIs but unstudied here.
A8: L6 Narrativity/genre recasting has almost no direct experimental evidence | B8: Only one paper (Endres et al. 2025, 'Type and Tale') directly recasts the *same* content as narrative vs expository and measures comprehension; a second (Clinton 2019) finds genre moderates the paper/screen effect but doesn't manipulate genre itself; a third (Narvaez et al. 1999) contrasts genres but not as a recasting of identical content. | C8: 9 of 63 papers (14.3%) touch L6 at all, and only 2 reach 'High' — the thinnest empirical base of any L-axis dimension alongside L2/L4. | D8: Commission a small item-matched corpus (5-10 topics, each written twice: once narrative, once expository, holding L1-L4 constant) to build a reusable stimulus set for future narrativity studies — the missing infrastructure, not just missing data.
A9: Single-axis isolation dominates; V x V and V x L interaction studies are rare | B9: The large majority of papers manipulate exactly one V or L dimension in isolation (e.g., font size alone, line spacing alone, headings alone). Studies that cross two axes (e.g., font legibility x heading presence, or spacing x compression) are rare, so the model's implicit claim that dimensions combine (additively or interactively) to shape readability is untested. | C9: Across the corpus, multi-dimension 'High' ratings (2+ dimensions both High) appear in fewer than 10 of 63 records (e.g., Soleimani & Mohammadi 2012: V1+V2; Chan & Ng manuscript: V2+V6; Endres et al. 2025: V2+L6) — most papers are single-axis. | D9: Prioritize 2x2 (or larger) factorial designs crossing a visual axis with a linguistic axis (e.g., V5 heading-chunking x L3 cohesion revision) to test whether the model's mediating mechanisms (macrostructure construction, WM load) are shared or independent across Layer A knobs.
A10: Reading goal = 'pleasure/leisure' is essentially unstudied | B10: Of the Rouet/Choo reading-goal taxonomy (glanceable/skim/search/deep/learn/proofread/pleasure) named in the model, every paper in this corpus studies skim, search, deep/learn, or proofread goals — none studies pleasure/leisure reading as the target goal. | C10: Zero papers across all four folders frame their task as leisure/pleasure reading; even the narrative-text papers (Narvaez et al. 1999; Endres et al. 2025) study narrative content under a study/learning goal, not a pleasure-reading goal. | D10: Add a pleasure-reading condition (e.g., free voluntary reading of a short story with no comprehension test pending) to test whether V/L levers that help skim or search goals (headings, compression, spacing) help, hurt, or are irrelevant to enjoyment-driven reading.
A11: Mechanism-level (Layer B) evidence is thin relative to outcome-level evidence | B11: Most papers report only outcome measures (reading speed, comprehension score, error-detection rate) without the eye-tracking/fixation-level data that would let a mediating mechanism (crowding relief, attentional guidance, WM load, macrostructure construction, lexical access) actually be verified rather than assumed. | C11: Of 63 papers, only a minority use eye-tracking or fixation/saccade metrics as dependent variables (e.g., Fisher 1975; lt2017-6580 Huang Dandan 2017; Duggan & Payne 2009/2011; Hyönä/Lorch/Kaakinen 2002; Soltan et al. 2025) — most V1/V2 typography studies (Tinker 1963; Beymer et al. 2008; Oppenheimer et al. 2010) report only speed/comprehension outcomes. | D11: Where feasible, pair every outcome-level readability manipulation with at least one mechanism-level measure (fixation duration, regression rate, or a validated cognitive-load probe) so the model's Layer B mechanisms can be tested rather than inferred post hoc.
A12: Folder-level imbalance: L-axis manipulation is concentrated unevenly, thinnest in Proofreading | B12: Comprehension folder papers rarely combine two manipulated dimensions in one study (many are theoretical/review); Proofreading folder is strong on V1/V2/V6 but only 2 of its 11 papers touch any L-dimension above 'Low', and both only incidentally; Search folder is strong on V6/V3 with only 3 of 10 papers touching L3/L4/L5 (mostly one paper, Rouet et al.); Skimming folder carries the largest share of L5 (headings) and L6 (narrativity) evidence but even there coverage is thin (4 of the corpus's 9 L6-touching papers, 2 of the corpus's 5 L5-'High' papers). | C12: By folder: Comprehension has 2/13 papers with two or more 'High' V/L ratings in the same study; Proofreading has 2/11 papers touching any L-dimension above 'Low' (both incidental, not central manipulations); Search has 3/10 papers touching L3/L4/L5 (concentrated in Rouet et al. ~2001); Skimming holds 4/9 corpus-wide L6-touching papers and 2/5 corpus-wide L5-'High' papers. | D12: Deliberately commission proofreading and search studies that pair a visual manipulation (already well-studied in those folders) with a rhetorical-scaffolding or cohesion manipulation (thin everywhere, best-represented in Skimming), to close the cross-folder gap rather than only adding more single-axis studies within the already-strong folder.
